{
    "diffuseColor": [
        0.9884659647941589,
        1.0,
        0.9019607901573181
    ],
    "doesCastShadows": true,
    "doesReceiveShadows": true,
    "selfIllumination": 0.21400000154972076
}