{
    "diffuseColor": [
        0.3235294818878174,
        1.0,
        0.0
    ],
    "doesCastShadows": true,
    "doesReceiveShadows": true,
    "selfIllumination": 0.2070000022649765
}