{
    "diffuseColor": [
        0.3382353186607361,
        0.4939446449279785,
        1.0
    ],
    "doesCastShadows": true,
    "doesReceiveShadows": true,
    "selfIllumination": 0.1809999942779541
}